"tract_fips","time_frame","PPOPWOINS","PPOPWINSPRIV","PPOPWINSPUB","PPOPWEMPINS","PPOPWMEDICARE","PPOPWMEDICAID"
"32001950100","2017-2021","11.95","70.52","32.05","52.55","20.06","12.34"
"32001950301","2017-2021","16.53","52.89","44.98","41.20","24.54","27.88"
"32001950302","2017-2021","5.55","67.60","40.62","53.33","14.23","24.78"
"32001950400","2017-2021","9.37","89.34","5.01","7.92",".00","3.72"
"32001950500","2017-2021","17.03","49.47","47.34","37.54","22.21","29.95"
"32001950600","2017-2021","4.65","79.00","39.88","50.67","27.19","5.87"
"32001950700","2017-2021","9.44","73.96","35.59","53.55","23.05","9.58"
"32003000101","2017-2021","18.71","54.02","33.82","45.79","11.63","23.35"
"32003000103","2017-2021","24.66","43.35","39.02","38.17","13.60","29.72"
"32003000105","2017-2021","20.24","44.63","43.07","39.07","14.58","30.49"
"32003000106","2017-2021","23.04","39.42","51.39","30.81","31.16","30.35"
"32003000107","2017-2021","19.63","34.02","51.59","30.86","24.75","37.10"
"32003000108","2017-2021","23.32","38.96","54.08","36.25","10.00","45.62"
"32003000109","2017-2021","13.99","36.44","56.72","28.83","19.07","43.04"
"32003000201","2017-2021","21.83","39.60","49.21","33.00","16.58","37.70"
"32003000203","2017-2021","18.38","38.86","49.16","34.07","11.72","38.81"
"32003000204","2017-2021","8.27","70.76","27.99","45.11","17.79","11.53"
"32003000301","2017-2021","21.29","25.30","57.04","22.56","11.85","49.09"
"32003000302","2017-2021","14.59","25.96","63.80","23.42","11.51","55.33"
"32003000401","2017-2021","11.91","14.82","76.33","9.01","25.73","60.22"
"32003000402","2017-2021","23.98","25.77","53.76","23.72","11.01","49.36"
"32003000403","2017-2021","19.70","19.34","67.37","15.36","31.66","48.89"
"32003000510","2017-2021","28.29","40.08","32.57","37.07","7.16","27.97"
"32003000513","2017-2021","23.48","36.74","44.70","32.12","15.27","32.34"
"32003000514","2017-2021","26.50","34.29","45.66","30.22","17.35","34.57"
"32003000515","2017-2021","25.51","34.59","49.15","29.07","7.77","43.90"
"32003000516","2017-2021","25.14","34.19","43.51","32.58","7.55","38.62"
"32003000517","2017-2021","21.06","49.95","34.48","45.76","8.37","27.96"
"32003000518","2017-2021","27.05","36.49","40.32","32.29","9.73","34.26"
"32003000519","2017-2021","19.22","49.03","35.42","41.91","7.34","31.19"
"32003000520","2017-2021","29.13","35.03","37.98","34.17","7.40","33.96"
"32003000521","2017-2021","25.62","24.87","52.28","22.34","13.96","39.45"
"32003000522","2017-2021","34.78","22.56","44.81","19.80","9.25","41.19"
"32003000523","2017-2021","27.30","15.22","60.21","13.86","7.40","55.88"
"32003000524","2017-2021","26.57","29.21","47.32","24.09","14.93","36.96"
"32003000525","2017-2021","28.00","30.41","44.24","25.28","13.76","36.24"
"32003000526","2017-2021","28.97","31.69","40.57","30.14","7.79","34.26"
"32003000527","2017-2021","23.43","45.14","36.05","38.63","9.19","27.74"
"32003000528","2017-2021","26.70","34.88","40.89","33.20","3.91","36.86"
"32003000600","2017-2021","17.26","34.70","50.75","31.40","15.67","38.54"
"32003000700","2017-2021","18.75","55.99","30.53","41.05","10.59","26.25"
"32003001003","2017-2021","15.55","47.16","46.16","36.47","17.37","33.81"
"32003001004","2017-2021","9.65","52.81","46.16","43.25","23.70","28.07"
"32003001005","2017-2021","9.11","70.10","34.61","53.20","22.56","13.30"
"32003001006","2017-2021","11.09","61.38","36.63","48.37","24.33","15.21"
"32003001100","2017-2021","28.08","34.87","38.65","28.63","13.76","29.67"
"32003001200","2017-2021","21.74","38.28","47.86","30.21","21.87","33.71"
"32003001300","2017-2021","20.63","49.59","34.12","43.32","11.23","26.70"
"32003001401","2017-2021","34.22","29.61","40.59","26.97","20.71","28.72"
"32003001402","2017-2021","14.73","50.49","40.49","47.66","11.74","31.85"
"32003001501","2017-2021","16.88","38.02","51.34","31.56","17.46","40.32"
"32003001502","2017-2021","14.17","39.75","53.50","34.35","26.81","34.80"
"32003001607","2017-2021","20.57","36.28","55.58","24.70","19.38","40.75"
"32003001608","2017-2021","20.00","28.67","59.69","21.36","18.75","46.74"
"32003001609","2017-2021","16.08","55.97","34.83","52.36","10.84","26.52"
"32003001610","2017-2021","12.62","50.75","40.18","46.99","11.90","29.92"
"32003001611","2017-2021","17.07","49.62","41.60","41.27","17.23","29.59"
"32003001613","2017-2021","15.76","48.92","41.37","46.25","11.14","31.85"
"32003001614","2017-2021","15.72","37.44","56.90","22.96","15.21","44.57"
"32003001615","2017-2021","18.81","41.25","47.80","34.45","11.27","39.79"
"32003001706","2017-2021","13.92","52.71","45.18","43.90","24.50","24.80"
"32003001707","2017-2021","13.38","60.17","40.68","43.60","21.51","15.29"
"32003001708","2017-2021","9.87","58.07","45.78","48.28","20.80","27.56"
"32003001709","2017-2021","10.07","59.40","38.54","46.95","20.99","23.31"
"32003001710","2017-2021","16.32","49.30","40.58","44.53","18.89","26.09"
"32003001711","2017-2021","19.69","48.57","50.21","29.66","31.01","22.24"
"32003001712","2017-2021","13.09","52.55","46.53","44.53","22.66","27.30"
"32003001713","2017-2021","5.55","79.23","35.38","60.46","25.17","12.18"
"32003001714","2017-2021","8.59","58.19","42.87","49.79","21.25","21.12"
"32003001715","2017-2021","20.78","53.34","33.17","45.06","14.34","18.56"
"32003001716","2017-2021","12.70","49.36","52.76","47.13","18.12","41.45"
"32003001717","2017-2021","7.16","71.91","44.52","62.50","28.79","17.91"
"32003001718","2017-2021","25.74","30.07","50.43","26.64","8.84","43.36"
"32003001801","2017-2021","17.23","49.41","44.12","41.37","18.16","30.41"
"32003001803","2017-2021","21.80","47.67","35.57","39.13","11.39","26.07"
"32003001804","2017-2021","21.79","41.51","41.69","35.29","14.34","30.77"
"32003001901","2017-2021","15.56","50.13","40.38","36.84","11.38","32.75"
"32003001902","2017-2021","21.28","38.82","44.57","32.01","13.98","35.78"
"32003002000","2017-2021","26.68","35.76","43.62","25.87","14.86","31.10"
"32003002201","2017-2021","19.18","39.14","49.78","28.44","28.64","32.38"
"32003002203","2017-2021","31.36","39.45","33.20","33.40","7.77","29.28"
"32003002204","2017-2021","35.12","23.35","44.87","20.02","4.98","40.60"
"32003002206","2017-2021","19.66","45.42","43.08","37.97","14.17","32.75"
"32003002207","2017-2021","25.32","37.14","38.99","33.17","4.84","34.40"
"32003002302","2017-2021","14.02","63.71","41.24","42.06","30.31","10.52"
"32003002303","2017-2021","8.11","73.40","38.12","34.85","37.13","8.25"
"32003002403","2017-2021","22.81","42.67","38.39","39.37","15.67","26.52"
"32003002404","2017-2021","21.69","28.60","60.42","22.73","12.46","52.14"
"32003002405","2017-2021","30.93","32.33","40.00","28.98","9.91","32.67"
"32003002406","2017-2021","8.95","51.60","45.47","43.44","18.35","35.28"
"32003002501","2017-2021","14.86","51.70","36.79","47.41","11.68","27.36"
"32003002504","2017-2021","18.27","58.21","28.48","46.32","11.33","18.34"
"32003002505","2017-2021","21.83","47.06","36.17","44.34","9.57","28.26"
"32003002506","2017-2021","20.54","41.82","41.79","34.27","10.40","33.74"
"32003002603","2017-2021","20.69","63.30","22.12","50.35","6.91","15.81"
"32003002604","2017-2021","16.14","45.85","47.95","34.05","20.52","26.68"
"32003002605","2017-2021","13.91","28.54","65.23","21.82","28.30","49.64"
"32003002706","2017-2021","21.07","47.17","44.03","37.93","19.57","28.88"
"32003002707","2017-2021","17.07","45.37","41.99","41.39","15.91","29.98"
"32003002708","2017-2021","18.12","39.60","49.52","30.31","9.08","42.64"
"32003002808","2017-2021","8.85","68.52","29.71","56.12","21.00","10.72"
"32003002810","2017-2021","18.89","64.87","20.68","55.91","8.25","14.06"
"32003002811","2017-2021","5.52","77.41","31.83","64.19","18.06","14.92"
"32003002814","2017-2021","7.82","74.89","25.20","60.30","15.19","10.45"
"32003002821","2017-2021","6.92","66.34","34.76","59.63","12.04","21.05"
"32003002822","2017-2021","11.42","48.34","44.30","43.55","14.58","35.53"
"32003002823","2017-2021","15.79","60.72","33.42","53.06","16.12","16.77"
"32003002824","2017-2021","7.80","67.32","39.30","54.98","26.90","17.14"
"32003002825","2017-2021","4.59","80.09","23.31","75.45","12.00","12.50"
"32003002826","2017-2021","5.11","75.89","33.63","58.82","22.72","15.40"
"32003002827","2017-2021","11.40","71.44","31.91","59.97","12.69","17.94"
"32003002828","2017-2021","7.62","74.50","30.83","61.91","21.26","11.17"
"32003002829","2017-2021","10.51","69.37","29.60","61.16","13.38","19.37"
"32003002830","2017-2021","7.87","65.83","37.23","48.88","19.95","20.22"
"32003002831","2017-2021","8.33","66.62","43.52","55.15","20.03","24.82"
"32003002833","2017-2021","7.07","76.85","28.92","66.73","17.52","12.25"
"32003002834","2017-2021","8.40","77.72","18.08","66.95","8.03","10.78"
"32003002835","2017-2021","17.00","59.72","30.62","51.63","12.60","19.73"
"32003002836","2017-2021","19.22","60.57","24.35","46.21","6.58","19.62"
"32003002837","2017-2021","11.82","69.86","27.28","60.29","16.52","12.55"
"32003002838","2017-2021","11.41","62.32","34.17","55.27","19.13","15.93"
"32003002841","2017-2021","5.33","83.29","23.68","65.88","15.73","8.48"
"32003002842","2017-2021","5.67","74.76","25.25","67.11","4.96","19.68"
"32003002844","2017-2021","8.38","78.18","21.17","70.84","12.21","9.01"
"32003002845","2017-2021","12.36","57.70","37.93","50.02","8.05","31.56"
"32003002846","2017-2021","10.16","71.64","27.44","62.63","8.68","19.87"
"32003002847","2017-2021","11.03","55.06","43.89","51.31","13.38","31.04"
"32003002848","2017-2021","9.28","68.22","33.22","56.57","17.03","17.88"
"32003002849","2017-2021","10.62","62.78","31.75","53.00","11.58","22.33"
"32003002850","2017-2021","15.37","70.98","19.09","63.15","14.38","3.78"
"32003002851","2017-2021","12.06","70.89","21.40","61.75","6.02","16.25"
"32003002852","2017-2021",".62","88.43","13.26","75.27","11.92","2.31"
"32003002853","2017-2021","9.97","81.62","18.17","65.88","8.35","9.51"
"32003002901","2017-2021","10.85","73.49","26.55","64.07","7.25","18.59"
"32003002902","2017-2021","6.35","85.77","15.49","70.35","9.68","4.75"
"32003002905","2017-2021","19.13","54.01","33.48","48.03","11.40","17.31"
"32003002915","2017-2021","12.09","56.02","46.02","35.72","23.34","25.49"
"32003002916","2017-2021","13.09","59.46","37.71","47.43","26.25","14.97"
"32003002919","2017-2021","15.75","61.83","30.97","46.35","22.74","11.58"
"32003002935","2017-2021","19.14","37.37","52.77","27.06","18.46","37.78"
"32003002936","2017-2021","15.50","56.64","41.29","42.25","21.59","21.33"
"32003002937","2017-2021","15.66","50.54","39.37","40.88","8.00","30.82"
"32003002938","2017-2021","8.39","51.85","48.03","34.26","20.43","32.81"
"32003002939","2017-2021","4.07","77.72","37.07","58.03","26.13","9.96"
"32003002940","2017-2021","9.51","70.96","22.09","61.68","9.32","13.33"
"32003002941","2017-2021","13.76","54.19","42.30","44.15","11.46","31.49"
"32003002942","2017-2021","12.37","55.60","41.20","41.57","23.56","22.66"
"32003002944","2017-2021","12.11","69.75","28.49","56.29","16.94","11.95"
"32003002946","2017-2021","14.31","61.25","36.00","42.70","27.19","8.70"
"32003002947","2017-2021","13.37","62.83","38.32","45.93","28.55","11.21"
"32003002948","2017-2021","15.88","48.60","41.25","45.62","15.67","30.00"
"32003002949","2017-2021","11.37","65.21","38.53","51.56","19.98","24.01"
"32003002950","2017-2021","18.90","59.30","31.33","47.10","11.67","22.25"
"32003002952","2017-2021","15.64","56.75","42.06","46.72","24.66","17.50"
"32003002953","2017-2021","9.52","74.34","23.58","59.73","17.81","10.06"
"32003002954","2017-2021","33.13","39.43","32.44","33.38","13.08","21.76"
"32003002956","2017-2021","20.14","68.85","15.56","59.32","6.85","6.97"
"32003002957","2017-2021","2.82","55.28","69.67","34.29","63.06","10.13"
"32003002958","2017-2021","13.16","65.94","33.01","52.53","15.29","18.42"
"32003002961","2017-2021","5.69","67.42","35.83","58.83","24.31","10.57"
"32003002962","2017-2021","19.42","42.90","43.29","39.42","17.23","26.77"
"32003002964","2017-2021","20.38","54.30","34.13","45.40","13.67","20.92"
"32003002965","2017-2021","13.61","44.84","53.14","33.10","32.16","25.87"
"32003002966","2017-2021","17.75","38.11","48.57","28.04","7.12","39.98"
"32003002967","2017-2021","13.70","51.67","39.04","46.97","10.42","29.77"
"32003002968","2017-2021","8.05","58.31","43.02","51.79","14.25","30.54"
"32003002969","2017-2021","19.70","60.86","28.03","50.67","12.65","15.48"
"32003002970","2017-2021","19.72","54.82","33.31","47.22","12.12","23.61"
"32003002974","2017-2021","7.33","69.20","28.12","55.38","11.41","17.74"
"32003002975","2017-2021","10.16","69.60","29.05","60.77","11.86","18.88"
"32003002976","2017-2021","13.06","64.48","28.78","58.25","10.50","23.14"
"32003002977","2017-2021","4.27","83.24","22.20","72.25","13.12","10.17"
"32003002978","2017-2021","7.62","78.97","17.06","67.03","10.46","6.62"
"32003002979","2017-2021","16.81","72.99","22.46","67.68","15.51","5.71"
"32003002980","2017-2021","11.14","82.20","10.06","73.82","4.36","6.81"
"32003002981","2017-2021","13.23","71.36","21.87","58.39","8.81","11.79"
"32003002982","2017-2021","10.64","64.28","32.55","56.20","12.51","21.21"
"32003002983","2017-2021","13.29","63.32","33.18","55.71","12.65","19.97"
"32003002985","2017-2021","5.78","69.46","30.93","61.22","10.17","23.68"
"32003002995","2017-2021","20.07","52.07","32.20","47.97","11.38","23.88"
"32003002996","2017-2021","27.83","35.71","44.03","32.05","11.74","34.77"
"32003002997","2017-2021","26.26","51.12","32.75","37.15","13.49","20.78"
"32003002998","2017-2021","7.93","73.68","27.59","65.96","17.92","14.45"
"32003003001","2017-2021","22.57","48.99","35.88","38.01","12.70","23.38"
"32003003003","2017-2021","17.27","62.79","24.53","59.98","8.53","16.36"
"32003003004","2017-2021","11.73","65.35","36.25","50.80","21.55","13.56"
"32003003005","2017-2021","13.94","61.92","30.67","47.32","13.89","18.64"
"32003003006","2017-2021","17.51","64.72","26.38","61.75","12.11","15.43"
"32003003102","2017-2021","25.98","45.61","36.94","32.91","9.76","27.68"
"32003003103","2017-2021","20.90","55.08","30.58","49.46","10.11","21.70"
"32003003104","2017-2021","24.08","48.53","35.80","40.29","12.60","24.00"
"32003003204","2017-2021","3.14","73.32","44.62","59.21","32.24","11.43"
"32003003208","2017-2021","3.84","82.23","25.96","65.23","16.23","8.13"
"32003003210","2017-2021","1.68","71.20","82.93","37.27","82.93","7.44"
"32003003211","2017-2021","1.64","56.65","82.19","28.36","78.41","10.71"
"32003003213","2017-2021","2.22","63.05","82.35","36.89","79.56","8.38"
"32003003214","2017-2021","3.50","60.78","77.98","42.88","76.65","5.76"
"32003003215","2017-2021","7.11","78.14","24.81","65.53","17.41","9.51"
"32003003218","2017-2021","5.65","73.68","33.23","59.55","24.88","10.25"
"32003003219","2017-2021","6.61","71.54","37.29","62.06","27.80","10.00"
"32003003220","2017-2021","13.80","65.58","28.91","57.47","15.16","14.30"
"32003003222","2017-2021","6.64","82.71","22.95","65.11","16.38","6.95"
"32003003223","2017-2021","7.60","81.40","22.84","53.11","20.72","4.21"
"32003003226","2017-2021","3.73","86.37","26.65","46.66","23.56","4.40"
"32003003227","2017-2021","7.58","71.33","32.92","52.78","20.94","12.28"
"32003003228","2017-2021","5.13","74.25","29.86","63.82","8.81","20.92"
"32003003229","2017-2021","4.49","85.79","15.75","72.54","6.50","8.76"
"32003003233","2017-2021","2.75","83.88","24.33","72.87","12.02","11.06"
"32003003234","2017-2021","5.03","76.49","27.39","61.58","7.36","20.15"
"32003003235","2017-2021","5.53","74.06","28.16","64.47","9.75","17.58"
"32003003236","2017-2021","5.47","77.43","28.69","54.02","18.58","10.19"
"32003003237","2017-2021","3.55","88.27","15.41","76.92","8.90","5.03"
"32003003239","2017-2021","9.54","74.17","28.93","59.39","21.42","8.34"
"32003003240","2017-2021","8.77","72.18","28.67","62.08","11.52","17.36"
"32003003241","2017-2021","5.61","71.39","36.06","62.93","19.10","16.59"
"32003003242","2017-2021","2.49","88.14","18.73","71.74","13.70","4.71"
"32003003243","2017-2021","9.35","75.25","27.95","57.14","12.47","15.70"
"32003003244","2017-2021","4.30","77.74","24.90","65.65","16.23","11.69"
"32003003245","2017-2021","13.13","66.48","28.55","53.68","12.10","12.49"
"32003003246","2017-2021","6.70","74.60","32.29","67.30","20.61","11.64"
"32003003247","2017-2021","5.04","70.62","45.21","54.76","33.21","11.69"
"32003003248","2017-2021","7.38","62.77","39.00","46.40","15.65","22.10"
"32003003249","2017-2021","5.43","82.75","20.98","63.58","15.33","6.24"
"32003003250","2017-2021","3.61","80.31","27.94","67.93","16.85","11.21"
"32003003251","2017-2021","6.53","86.23","19.54","71.58","14.82","2.91"
"32003003252","2017-2021","12.03","73.33","28.96","45.64","17.91","11.76"
"32003003253","2017-2021","9.28","56.31","42.17","42.88","15.56","28.21"
"32003003254","2017-2021","12.52","55.78","40.58","44.62","28.82","14.27"
"32003003260","2017-2021","7.45","52.65","53.65","37.21","24.87","34.35"
"32003003261","2017-2021","17.55","64.26","29.76","58.11","19.57","12.39"
"32003003262","2017-2021",".74","53.68","88.04","33.86","84.56","5.11"
"32003003263","2017-2021","6.53","80.32","21.09","63.00","10.65","8.06"
"32003003264","2017-2021","10.00","76.97","19.01","64.50","11.22","6.74"
"32003003265","2017-2021","1.67","83.77","22.09","69.48","11.76","11.04"
"32003003266","2017-2021","7.65","74.42","23.18","64.75","7.70","15.22"
"32003003267","2017-2021","3.65","77.11","31.12","60.56","15.30","14.22"
"32003003268","2017-2021","7.24","85.10","17.82","65.89","16.29","3.58"
"32003003269","2017-2021","5.07","71.74","28.73","45.28","21.95","8.06"
"32003003270","2017-2021","6.79","78.81","18.60","67.67","5.71","9.96"
"32003003303","2017-2021","10.19","73.81","25.02","65.94","9.02","14.76"
"32003003305","2017-2021","5.22","72.01","32.05","64.19","19.85","13.75"
"32003003306","2017-2021","3.70","73.84","46.45","57.32","35.17","9.70"
"32003003307","2017-2021","2.64","76.03","37.31","67.52","18.10","20.00"
"32003003308","2017-2021","6.73","74.54","34.52","58.03","25.50","11.62"
"32003003309","2017-2021","4.83","73.87","38.32","58.70","31.99","6.87"
"32003003311","2017-2021","3.00","88.35","21.22","75.31","15.15","4.19"
"32003003312","2017-2021",".38","91.55","15.17","82.53","11.05","4.92"
"32003003313","2017-2021","7.02","72.75","28.95","50.07","5.89","20.77"
"32003003314","2017-2021","2.18","82.69","22.91","69.87","16.86","6.51"
"32003003315","2017-2021","6.74","75.37","29.66","68.55","14.95","15.87"
"32003003316","2017-2021","1.51","89.40","16.90","73.74","9.46","7.84"
"32003003317","2017-2021","10.45","72.54","25.11","62.62","5.51","17.78"
"32003003318","2017-2021","8.78","76.87","27.08","62.39","13.06","14.22"
"32003003319","2017-2021","5.81","79.91","24.15","71.52","11.88","12.56"
"32003003320","2017-2021","4.58","73.53","29.08","64.11","10.34","19.25"
"32003003321","2017-2021","3.79","84.01","28.18","58.72","21.69","6.03"
"32003003322","2017-2021","7.70","72.72","35.19","55.36","21.64","11.67"
"32003003323","2017-2021","5.92","82.94","24.95","66.52","16.42","7.26"
"32003003408","2017-2021","8.36","67.94","37.63","57.03","16.62","19.89"
"32003003409","2017-2021","18.75","53.27","37.38","46.62","11.31","26.33"
"32003003410","2017-2021","7.36","64.38","40.13","57.10","21.68","19.82"
"32003003411","2017-2021","9.45","70.02","31.93","58.91","13.61","16.52"
"32003003412","2017-2021","18.56","57.13","34.85","49.20","17.45","18.11"
"32003003413","2017-2021","11.47","53.54","44.00","36.41","20.45","25.58"
"32003003414","2017-2021","10.73","66.12","31.59","47.12","18.07","14.12"
"32003003415","2017-2021","10.40","60.05","38.42","52.09","8.87","30.78"
"32003003416","2017-2021","21.40","60.29","25.96","51.73","14.78","12.21"
"32003003418","2017-2021","21.35","51.52","41.92","44.46","11.22","29.88"
"32003003419","2017-2021","11.53","53.26","43.45","42.57","12.24","33.05"
"32003003420","2017-2021","24.61","53.99","25.40","46.61","11.44","17.85"
"32003003421","2017-2021","12.80","66.30","34.04","56.24","13.92","22.41"
"32003003422","2017-2021","14.17","52.92","46.52","47.12","15.43","32.46"
"32003003423","2017-2021","20.05","48.00","39.61","44.87","10.90","32.17"
"32003003426","2017-2021","9.95","56.53","49.21","41.46","24.42","27.79"
"32003003427","2017-2021","9.49","53.90","46.67","51.71","10.76","37.14"
"32003003428","2017-2021","20.54","46.04","44.10","41.53","15.74","32.06"
"32003003429","2017-2021","19.36","39.10","48.94","36.32","12.32","38.53"
"32003003430","2017-2021","14.48","48.39","51.32","40.52","19.79","31.96"
"32003003431","2017-2021","16.69","43.25","50.54","39.20","14.98","39.26"
"32003003500","2017-2021","23.62","30.46","52.28","25.90","14.36","44.10"
"32003003609","2017-2021","13.01","67.34","35.37","57.93","15.74","20.85"
"32003003610","2017-2021","16.28","68.45","28.40","59.85","15.50","13.82"
"32003003613","2017-2021","13.76","58.22","38.10","51.83","12.35","26.71"
"32003003615","2017-2021","11.29","62.07","36.76","54.42","10.91","25.16"
"32003003616","2017-2021","14.19","57.46","37.14","50.98","17.16","24.94"
"32003003617","2017-2021","20.14","51.19","35.86","45.66","17.93","22.25"
"32003003619","2017-2021","6.88","78.97","22.88","61.53","10.88","13.07"
"32003003620","2017-2021","3.59","77.33","30.38","60.00","13.39","15.51"
"32003003621","2017-2021","2.05","52.58","85.05","26.82","83.99","6.29"
"32003003626","2017-2021","11.46","73.91","26.25","65.24","11.07","15.29"
"32003003627","2017-2021","7.61","62.99","39.49","48.00","16.27","24.79"
"32003003630","2017-2021","10.44","70.31","26.37","64.34","15.08","11.04"
"32003003631","2017-2021","5.13","73.00","35.85","57.59","15.43","21.29"
"32003003632","2017-2021","4.11","78.01","29.52","70.15","16.14","10.65"
"32003003633","2017-2021","7.52","64.37","39.47","53.45","15.86","24.35"
"32003003634","2017-2021","5.76","62.00","44.78","50.29","16.67","24.56"
"32003003635","2017-2021","7.96","64.69","33.40","53.57","12.40","20.78"
"32003003636","2017-2021","22.15","52.62","33.37","43.47","14.77","20.20"
"32003003637","2017-2021","11.80","74.28","20.79","61.38","9.75","13.30"
"32003003638","2017-2021","9.23","73.84","29.73","57.83","10.75","17.40"
"32003003639","2017-2021","15.95","59.75","32.07","53.24","11.22","21.89"
"32003003640","2017-2021","10.83","60.16","34.44","51.50","9.66","23.52"
"32003003641","2017-2021","13.99","63.93","31.89","57.46","9.13","19.94"
"32003003642","2017-2021","7.94","69.35","27.30","63.80","7.35","20.01"
"32003003643","2017-2021","10.99","64.76","31.12","58.36","9.39","20.44"
"32003003644","2017-2021","8.34","60.74","41.06","52.75","10.11","30.60"
"32003003645","2017-2021","12.22","61.80","39.21","49.02","17.34","26.31"
"32003003646","2017-2021","13.56","62.87","32.61","58.31","19.21","16.54"
"32003003647","2017-2021","3.62","79.64","37.01","65.48","21.69","13.42"
"32003003648","2017-2021","7.89","52.71","46.05","49.97","5.59","41.63"
"32003003649","2017-2021","5.97","84.76","29.29","76.92","11.62","11.42"
"32003003650","2017-2021","11.42","74.99","24.90","53.46","8.48","15.51"
"32003003651","2017-2021","6.79","65.60","33.94","60.95","6.67","25.46"
"32003003652","2017-2021","5.76","70.26","33.73","60.92","7.16","24.54"
"32003003653","2017-2021","4.77","76.37","23.35","58.82","5.30","16.52"
"32003003654","2017-2021","27.67","54.18","29.55","51.07","16.01","15.52"
"32003003655","2017-2021","13.84","63.46","32.25","54.18","17.78","17.03"
"32003003656","2017-2021","12.86","59.61","35.60","49.10","9.14","25.92"
"32003003657","2017-2021","6.95","42.83","61.54","35.14","4.28","53.94"
"32003003658","2017-2021","1.91","96.27","16.92","91.46","9.60","4.27"
"32003003659","2017-2021","13.30","56.11","35.03","54.02","4.65","27.12"
"32003003660","2017-2021",".85","91.59","22.28","73.65","7.59","13.22"
"32003003661","2017-2021","13.87","57.29","34.71","44.04","6.08","24.57"
"32003003662","2017-2021","3.14","83.95","26.58","63.75","14.28","6.29"
"32003003663","2017-2021","4.62","73.80","28.03","48.92","7.42","21.58"
"32003003664","2017-2021","4.08","85.70","18.83","72.60","8.91","7.66"
"32003003665","2017-2021","19.85","56.80","34.41","51.08","12.73","19.77"
"32003003666","2017-2021","13.68","73.89","17.33","56.09","8.75","9.65"
"32003003700","2017-2021","19.78","46.12","48.82","40.22","18.79","31.68"
"32003003800","2017-2021","14.84","32.11","60.92","30.09","12.63","53.88"
"32003004000","2017-2021","43.40","18.21","42.75","14.47","12.21","33.91"
"32003004100","2017-2021","28.84","43.74","32.70","37.34","7.75","27.27"
"32003004200","2017-2021","27.61","39.68","38.18","34.26","11.43","30.54"
"32003004301","2017-2021","47.50","17.85","38.83","15.73","8.93","33.40"
"32003004302","2017-2021","38.37","20.76","43.10","19.64","6.71","38.35"
"32003004401","2017-2021","27.10","37.22","37.42","35.32","6.48","31.94"
"32003004402","2017-2021","29.49","22.43","50.82","20.48","6.49","45.74"
"32003004500","2017-2021","29.78","33.33","41.94","32.78","6.70","38.21"
"32003004601","2017-2021","17.84","30.64","60.01","27.92","8.86","52.14"
"32003004602","2017-2021","24.06","25.16","53.88","22.51","10.23","49.29"
"32003004703","2017-2021","27.96","31.20","45.33","27.40","4.34","42.15"
"32003004707","2017-2021","27.28","44.50","36.46","35.67","6.80","31.52"
"32003004709","2017-2021","15.80","45.16","43.40","41.81","5.18","38.22"
"32003004710","2017-2021","28.22","29.32","45.61","26.12","9.20","39.42"
"32003004712","2017-2021","11.21","31.97","69.12","28.07","8.35","62.48"
"32003004713","2017-2021","20.08","33.16","51.72","26.91","9.85","43.78"
"32003004714","2017-2021","19.71","42.52","47.26","35.07","11.34","37.48"
"32003004715","2017-2021","16.43","54.75","36.81","48.25","7.85","29.29"
"32003004716","2017-2021","18.68","54.60","36.57","47.35","7.05","29.72"
"32003004717","2017-2021","17.23","55.99","31.39","51.83","8.93","24.17"
"32003004907","2017-2021","5.96","67.67","32.96","59.84","16.00","17.80"
"32003004910","2017-2021","15.84","46.20","44.10","42.46","14.79","36.26"
"32003004911","2017-2021","14.27","61.35","29.84","56.33","10.47","23.63"
"32003004912","2017-2021","21.22","51.71","32.43","43.50","8.93","24.64"
"32003004914","2017-2021","11.97","73.88","29.75","64.18","17.82","13.54"
"32003004915","2017-2021","16.93","46.35","44.68","39.34","15.52","31.50"
"32003004916","2017-2021","19.95","44.31","42.00","35.16","19.71","30.50"
"32003004917","2017-2021","14.68","63.03","32.58","55.39","12.50","18.18"
"32003004918","2017-2021","9.98","64.16","37.65","56.33","22.16","16.43"
"32003004919","2017-2021","7.93","72.92","40.10","61.27","17.91","22.92"
"32003004920","2017-2021","20.36","44.87","38.45","41.19","10.69","33.16"
"32003004921","2017-2021","25.94","39.96","39.29","33.78","11.56","30.79"
"32003004923","2017-2021","19.96","56.95","30.08","48.62","10.51","20.90"
"32003004924","2017-2021","29.70","51.90","29.34","44.05","19.58","14.40"
"32003004925","2017-2021","13.07","63.42","32.16","53.95","13.45","23.77"
"32003004926","2017-2021","17.90","51.91","33.75","49.97","7.81","27.46"
"32003005005","2017-2021","7.47","38.00","68.45","29.92","41.87","40.75"
"32003005006","2017-2021","12.27","41.75","56.60","28.82","23.17","37.44"
"32003005007","2017-2021","8.14","70.53","48.03","54.52","34.57","13.02"
"32003005010","2017-2021","18.53","41.58","46.62","31.93","12.58","33.76"
"32003005011","2017-2021","12.83","59.03","33.65","50.35","8.14","26.00"
"32003005012","2017-2021","10.28","59.68","37.38","51.45","19.65","18.55"
"32003005013","2017-2021","14.51","61.03","31.67","54.79","9.21","24.59"
"32003005014","2017-2021","8.94","59.24","44.38","51.39","14.62","35.52"
"32003005015","2017-2021","8.45","64.40","44.55","47.97","31.12","15.07"
"32003005016","2017-2021","9.39","61.65","39.10","51.82","20.40","21.27"
"32003005017","2017-2021","9.66","65.39","31.17","60.62","13.65","20.02"
"32003005102","2017-2021","8.35","69.25","33.46","57.36","15.87","19.13"
"32003005103","2017-2021","9.42","61.47","36.79","53.52","14.43","23.02"
"32003005104","2017-2021","5.21","69.71","38.46","56.80","21.51","19.51"
"32003005106","2017-2021","8.30","76.42","34.12","52.87","16.69","20.16"
"32003005107","2017-2021","12.15","67.13","37.56","52.15","22.07","18.43"
"32003005108","2017-2021","7.68","71.79","28.08","63.52","16.37","13.92"
"32003005110","2017-2021","3.47","58.43","57.13","30.24","12.39","33.77"
"32003005111","2017-2021","3.13","80.03","25.61","65.50","15.77","10.38"
"32003005112","2017-2021",".37","79.18","25.77","75.61","9.74","14.61"
"32003005113","2017-2021","11.01","70.81","25.15","61.62","21.17","6.52"
"32003005114","2017-2021","16.53","59.35","35.86","51.11","15.97","20.08"
"32003005115","2017-2021","4.17","74.53","26.68","60.65","15.03","9.81"
"32003005116","2017-2021","12.23","70.17","23.12","61.38","11.08","12.47"
"32003005200","2017-2021","8.99","57.58","45.96","44.20","22.36","29.14"
"32003005311","2017-2021","9.93","72.29","23.30","63.36","12.37","11.70"
"32003005312","2017-2021","10.34","81.10","14.67","70.61","11.51","1.66"
"32003005313","2017-2021","3.11","82.80","27.21","70.21","16.79","9.86"
"32003005314","2017-2021","3.70","75.67","30.78","67.22","25.22","7.11"
"32003005316","2017-2021","8.84","64.70","34.07","54.04","21.96","13.31"
"32003005317","2017-2021","5.22","74.31","30.55","63.63","19.15","12.01"
"32003005318","2017-2021","3.46","77.54","37.38","61.26","25.82","11.86"
"32003005319","2017-2021","6.31","85.01","19.37","68.76","13.26","3.38"
"32003005320","2017-2021","10.13","69.82","28.90","62.34","14.63","14.26"
"32003005321","2017-2021","10.32","76.85","24.28","63.15","18.40","5.97"
"32003005322","2017-2021","4.69","72.22","33.38","61.09","16.14","20.19"
"32003005333","2017-2021","3.44","81.58","22.49","73.68","12.59","10.05"
"32003005335","2017-2021","4.02","77.15","34.15","63.78","21.15","13.41"
"32003005336","2017-2021","12.38","48.61","48.38","39.58","19.47","29.63"
"32003005337","2017-2021","8.11","81.94","17.47","69.51","12.68","4.62"
"32003005338","2017-2021",".94","67.90","81.01","32.15","79.66","7.96"
"32003005341","2017-2021","10.61","70.19","32.21","61.94","18.89","14.83"
"32003005342","2017-2021","6.96","68.18","33.90","59.21","15.52","17.53"
"32003005343","2017-2021","11.43","67.89","30.55","58.56","16.29","16.00"
"32003005346","2017-2021","11.42","75.02","19.85","61.05","13.55","7.57"
"32003005347","2017-2021","5.75","76.09","35.57","50.93","27.50","9.44"
"32003005348","2017-2021","2.20","82.04","25.07","68.25","16.47","8.19"
"32003005349","2017-2021","6.90","73.05","34.63","61.49","22.79","14.50"
"32003005350","2017-2021","1.78","81.90","34.33","67.73","21.77","11.74"
"32003005351","2017-2021","15.34","75.57","14.55","62.74","6.39","7.75"
"32003005352","2017-2021","8.11","83.45","25.09","62.02","18.78","6.96"
"32003005353","2017-2021","12.25","75.00","23.44","59.89","14.48","10.73"
"32003005354","2017-2021","7.84","73.68","25.07","62.45","7.95","16.78"
"32003005355","2017-2021","7.47","66.55","50.59","41.30","38.39","13.31"
"32003005356","2017-2021","2.06","85.19","20.17","62.00","13.98","6.59"
"32003005358","2017-2021","5.71","87.69","11.11","72.30","5.65","5.40"
"32003005360","2017-2021","4.01","73.59","28.97","60.28","14.84","18.13"
"32003005361","2017-2021","3.71","86.23","17.62","78.91","16.91",".72"
"32003005362","2017-2021","4.17","83.58","15.71","76.69","5.33","10.20"
"32003005363","2017-2021","15.52","65.78","27.20","50.73","18.79","10.17"
"32003005364","2017-2021","3.45","84.59","24.11","70.54","17.20","6.63"
"32003005365","2017-2021","1.18","94.59","15.52","86.95","11.16","2.34"
"32003005366","2017-2021","4.29","83.37","28.99","73.92","22.68","7.53"
"32003005421","2017-2021","10.84","46.19","53.18","38.76","16.88","41.45"
"32003005422","2017-2021","16.46","49.47","44.99","42.97","14.67","31.69"
"32003005423","2017-2021","11.45","60.25","43.76","44.12","27.47","20.08"
"32003005432","2017-2021","6.21","74.04","37.65","58.88","21.45","12.49"
"32003005433","2017-2021","6.16","77.20","33.30","59.61","23.56","10.35"
"32003005434","2017-2021","3.16","77.77","33.28","65.51","17.91","14.21"
"32003005435","2017-2021","8.56","68.39","37.57","51.97","16.63","23.83"
"32003005437","2017-2021","9.91","69.53","43.69","47.08","34.97","9.15"
"32003005438","2017-2021","5.44","50.17","50.67","41.23","14.88","36.82"
"32003005439","2017-2021","11.96","48.06","53.00","39.34","15.36","38.46"
"32003005440","2017-2021","9.31","64.04","29.29","57.80","20.00","9.59"
"32003005441","2017-2021","4.64","84.97","20.13","74.52","14.03","7.01"
"32003005442","2017-2021","1.24","89.54","28.97","69.08","20.01","8.24"
"32003005501","2017-2021","3.27","69.82","57.62","41.49","46.96","12.99"
"32003005502","2017-2021","7.51","73.98","34.18","55.10","23.21","10.78"
"32003005503","2017-2021","10.80","61.65","41.90","47.30","22.86","20.93"
"32003005504","2017-2021","1.31","78.03","38.97","60.80","20.11","19.34"
"32003005607","2017-2021","10.48","60.41","47.59","50.01","31.07","20.62"
"32003005612","2017-2021","9.26","51.88","45.07","47.76","25.28","22.00"
"32003005613","2017-2021","5.63","81.17","19.43","75.46","12.99","6.06"
"32003005614","2017-2021","15.62","45.71","51.15","40.04","21.65","33.27"
"32003005615","2017-2021","9.00","63.88","58.40","49.51","48.12","12.06"
"32003005702","2017-2021","7.03","41.68","66.07","28.58","31.25","37.37"
"32003005703","2017-2021","14.00","51.56","52.11","35.78","42.11","16.00"
"32003005704","2017-2021","5.72","60.57","66.50","34.60","52.06","24.68"
"32003005705","2017-2021","7.31","60.54","62.08","39.99","53.92","9.31"
"32003005711","2017-2021","2.24","91.15","17.01","76.81","11.89","5.38"
"32003005713","2017-2021","1.16","73.36","41.60","54.73","33.84","7.58"
"32003005715","2017-2021","3.81","85.21","27.80","50.60","25.13","3.29"
"32003005716","2017-2021","1.77","64.36","74.79","41.03","73.78","1.88"
"32003005717","2017-2021","6.24","73.19","38.95","52.39","25.73","13.01"
"32003005718","2017-2021","14.33","73.31","30.83","61.98","18.62","11.90"
"32003005719","2017-2021",".00","89.13","16.45","82.19","9.80","7.69"
"32003005720","2017-2021","4.34","80.17","17.56","54.06","15.53","2.97"
"32003005721","2017-2021",".63","68.56","90.90","34.88","89.24","4.79"
"32003005722","2017-2021",".63","70.10","85.73","42.34","85.28","2.45"
"32003005803","2017-2021","6.34","74.96","33.25","52.35","11.19","22.67"
"32003005804","2017-2021","8.10","75.47","30.88","61.18","17.88","16.76"
"32003005805","2017-2021","11.27","67.32","33.08","49.54","22.08","12.59"
"32003005806","2017-2021","6.51","74.19","34.63","55.67","26.42","11.16"
"32003005807","2017-2021","10.03","65.76","33.08","51.23","16.89","17.54"
"32003005808","2017-2021","10.17","69.50","44.14","53.93","25.77","18.18"
"32003005809","2017-2021","19.41","56.98","32.10","46.79","18.10","16.84"
"32003005813","2017-2021","16.12","65.41","25.64","45.40","13.35","12.32"
"32003005818","2017-2021","20.71","72.05","15.63","66.45","11.18","3.43"
"32003005822","2017-2021","8.87","83.30","14.70","69.15","8.75","6.22"
"32003005824","2017-2021","8.91","77.50","21.19","59.07","13.03","9.23"
"32003005825","2017-2021","14.24","68.59","26.96","52.94","16.17","12.81"
"32003005826","2017-2021","24.92","60.51","24.40","46.56","16.22","10.19"
"32003005828","2017-2021","2.70","89.00","20.05","74.70","10.78","10.49"
"32003005829","2017-2021","11.33","69.66","27.06","59.58","17.95","8.51"
"32003005830","2017-2021","7.07","71.55","24.55","64.19","8.63","16.20"
"32003005831","2017-2021","6.87","78.93","20.84","71.92","12.74","8.32"
"32003005834","2017-2021","7.32","78.08","22.59","66.76","13.81","8.29"
"32003005835","2017-2021","7.22","84.28","20.38","70.27","12.84","7.05"
"32003005836","2017-2021","9.62","79.07","23.63","62.68","14.98","4.76"
"32003005837","2017-2021","8.81","72.50","28.04","57.69","14.36","13.91"
"32003005839","2017-2021","8.13","76.50","19.56","65.84","10.61","10.52"
"32003005841","2017-2021","1.84","87.94","20.08","67.20","19.01","1.26"
"32003005842","2017-2021","4.53","87.75","18.79","70.68","17.56","1.21"
"32003005843","2017-2021","3.62","83.44","30.60","68.64","26.91","3.76"
"32003005844","2017-2021","5.31","74.33","35.12","56.65","29.24","8.95"
"32003005845","2017-2021","4.12","78.77","28.28","67.07","22.17","7.30"
"32003005846","2017-2021","4.13","78.63","45.75","54.81","40.89","5.75"
"32003005847","2017-2021","10.50","74.86","21.04","59.82","10.50","11.19"
"32003005848","2017-2021","20.40","44.24","42.44","38.68","16.00","30.55"
"32003005849","2017-2021","8.96","65.74","36.44","57.20","17.45","19.58"
"32003005850","2017-2021","6.02","80.65","23.18","68.12","10.07","13.24"
"32003005852","2017-2021","3.53","80.65","21.35","65.11","14.52","8.38"
"32003005855","2017-2021","5.34","76.67","26.79","60.72","13.55","15.35"
"32003005856","2017-2021","7.51","73.22","32.19","54.05","14.92","18.14"
"32003005857","2017-2021","7.52","76.81","34.31","64.65","8.24","25.86"
"32003005858","2017-2021","6.92","78.55","19.36","59.83","9.61","10.57"
"32003005859","2017-2021","12.31","65.68","30.88","57.81","14.33","18.06"
"32003005860","2017-2021","9.14","75.71","22.41","59.48","9.65","13.52"
"32003005861","2017-2021","1.30","89.91","38.83","78.74","9.18","29.31"
"32003005862","2017-2021","9.77","78.06","22.58","66.05","6.78","12.58"
"32003005863","2017-2021","12.32","71.08","22.31","54.21","7.97","14.34"
"32003005864","2017-2021","8.41","76.50","19.26","62.17","9.92","9.07"
"32003005865","2017-2021","5.42","79.84","20.08","63.51","12.57","7.10"
"32003005866","2017-2021","8.25","80.94","18.37","72.38","6.43","11.96"
"32003005867","2017-2021","3.37","89.22","11.33","80.88","6.77","4.73"
"32003005868","2017-2021","8.68","80.22","19.45","72.25","10.64","7.32"
"32003005869","2017-2021","4.37","69.03","31.92","64.22","7.08","28.70"
"32003005870","2017-2021","6.21","70.56","29.69","61.55","14.08","17.31"
"32003005871","2017-2021","4.42","84.31","16.14","76.35","9.14","3.91"
"32003005872","2017-2021","4.86","87.97","12.03","73.55","8.57","3.53"
"32003005873","2017-2021","2.43","92.25","10.84","81.04","6.03","5.89"
"32003005874","2017-2021","15.56","71.80","23.48","53.86","18.21","12.17"
"32003005875","2017-2021","16.90","56.23","35.24","46.25","14.14","20.88"
"32003005876","2017-2021","9.41","49.03","54.68","29.33","41.73","17.65"
"32003005877","2017-2021","1.85","89.91","18.49","76.62","7.78","5.43"
"32003005902","2017-2021","10.56","51.15","47.91","48.12","29.29","23.22"
"32003005903","2017-2021","11.67","69.19","51.78","49.89","48.55","3.59"
"32003005904","2017-2021","2.85","72.30","75.82","44.41","73.35","4.95"
"32003005905","2017-2021","10.30","58.04","68.13","35.44","51.85","20.63"
"32003006001","2017-2021","8.98","50.71","45.55","36.88","8.42","37.35"
"32003006103","2017-2021","7.25","63.88","39.48","58.35","21.13","20.32"
"32003006104","2017-2021","6.57","85.37","18.86","71.31","12.64","6.22"
"32003006201","2017-2021","26.32","41.82","37.76","38.20","7.46","30.20"
"32003006202","2017-2021","14.65","53.88","37.81","48.34","10.35","27.64"
"32003006203","2017-2021","17.14","61.59","28.47","53.10","9.97","18.73"
"32003006204","2017-2021","9.64","62.42","33.51","58.85","11.48","22.60"
"32003006700","2017-2021","10.49","77.55","22.16","56.96","15.29","7.75"
"32003006800","2017-2021","19.56","49.11","37.20","42.92","10.84","27.05"
"32003006900","2017-2021","5.33","50.53","58.14","40.80","50.09","16.78"
"32003007100","2017-2021","26.60","26.80","49.70","23.59","9.89","45.07"
"32003007200","2017-2021","10.75","52.80","51.39","45.37","16.86","33.71"
"32003007500","2017-2021","4.94","67.16","38.15","52.71","28.26","13.81"
"32003007600","2017-2021","10.82","65.39","29.91","55.50","15.87","13.12"
"32003007801","2017-2021","9.33","64.43","31.88","16.62","11.08","21.28"
"32003007802","2017-2021","-9999.00","-9999.00","-9999.00","-9999.00","-9999.00","-9999.00"
"32003007900","2017-2021","16.80","39.33","47.42","31.03","21.28","32.20"
"32005001000","2017-2021","6.63","72.07","39.41","59.41","33.96","8.22"
"32005001100","2017-2021","13.67","60.75","38.46","46.81","17.57","20.24"
"32005001200","2017-2021","6.31","70.02","46.51","53.74","34.81","10.02"
"32005001300","2017-2021","1.93","80.86","42.04","49.88","32.28","8.28"
"32005001400","2017-2021","4.05","81.96","36.56","68.89","30.16","4.39"
"32005001500","2017-2021","8.69","65.02","42.53","45.78","24.96","17.28"
"32005001600","2017-2021","4.41","76.37","47.85","40.92","43.15","6.58"
"32005001700","2017-2021","13.50","68.28","32.17","52.06","18.72","14.06"
"32005001800","2017-2021","14.34","66.89","37.61","46.34","30.99","8.78"
"32005001900","2017-2021","6.38","83.78","37.43","59.19","37.43",".00"
"32005002000","2017-2021","5.55","71.00","43.27","53.44","27.61","14.12"
"32005002100","2017-2021","6.05","81.95","34.55","66.68","28.68","4.59"
"32005002200","2017-2021","1.10","86.82","42.80","61.75","37.16","7.01"
"32005002300","2017-2021","3.76","83.72","41.55","54.88","38.58","5.32"
"32005002400","2017-2021","13.46","60.66","42.14","46.59","22.47","22.41"
"32005002500","2017-2021","10.67","58.84","53.53","40.68","36.80","19.81"
"32005990000","2017-2021","-9999.00","-9999.00","-9999.00","-9999.00","-9999.00","-9999.00"
"32007950200","2017-2021","5.11","54.21","52.64","38.60","23.31","31.12"
"32007950701","2017-2021","10.73","83.40","13.19","76.50","6.43","3.50"
"32007950702","2017-2021","11.88","67.43","27.98","64.91","14.24","13.98"
"32007950800","2017-2021","10.73","74.81","25.63","63.96","12.87","10.79"
"32007950900","2017-2021","6.15","73.48","30.28","61.93","17.26","17.44"
"32007951000","2017-2021","13.13","56.64","39.01","51.70","14.31","25.81"
"32007951201","2017-2021","3.35","90.48","17.45","80.83","13.05","3.74"
"32007951202","2017-2021","12.04","73.01","25.70","67.35","17.38","11.26"
"32007951300","2017-2021","14.41","62.68","34.64","59.42","17.17","24.95"
"32007951401","2017-2021","5.65","76.83","25.98","65.05","12.27","14.05"
"32007951403","2017-2021","10.73","76.65","25.56","67.28","9.89","15.41"
"32007951404","2017-2021","4.31","85.24","16.79","81.04","10.07","6.69"
"32007951500","2017-2021","8.50","74.60","18.64","73.37","8.97","13.37"
"32007951600","2017-2021","9.86","74.38","24.73","67.74","14.17","8.88"
"32007951700","2017-2021","12.10","55.77","41.18","51.99","16.39","25.70"
"32009950100","2017-2021","11.11","44.65","51.17","35.58","37.72","15.70"
"32011000100","2017-2021","9.07","68.52","38.55","59.20","21.96","15.83"
"32013010501","2017-2021","13.75","68.00","33.36","43.72","26.83","9.68"
"32013010502","2017-2021","9.24","78.57","19.62","72.40","14.29","6.44"
"32013010600","2017-2021","16.73","60.90","35.84","47.43","17.48","16.14"
"32013010701","2017-2021","10.15","67.55","39.97","54.70","13.14","29.71"
"32013010702","2017-2021","8.20","83.05","17.86","69.08","14.74","7.59"
"32015000301","2017-2021","4.21","73.53","40.30","57.90","23.66","21.42"
"32015000302","2017-2021","5.63","83.91","26.61","68.52","11.43","13.57"
"32017950100","2017-2021","7.93","64.31","40.94","52.55","22.97","19.74"
"32017950200","2017-2021","14.02","63.15","36.80","56.65","28.52","9.49"
"32019960103","2017-2021","24.74","51.21","28.97","45.21","12.17","18.82"
"32019960104","2017-2021","5.49","53.98","44.99","48.67","18.64","31.54"
"32019960105","2017-2021","3.70","72.42","41.90","67.15","20.12","19.67"
"32019960106","2017-2021","5.35","80.53","23.83","75.79","16.09","7.98"
"32019960107","2017-2021","7.50","77.12","33.94","57.91","11.78","18.67"
"32019960108","2017-2021","13.42","76.09","29.11","58.41","21.53","8.11"
"32019960203","2017-2021","10.20","45.85","55.16","34.24","31.16","28.21"
"32019960204","2017-2021","8.58","54.37","54.26","43.63","27.79","27.37"
"32019960205","2017-2021","8.91","44.68","53.08","38.82","35.54","27.72"
"32019960206","2017-2021","8.84","57.83","49.74","45.99","32.88","20.90"
"32019960301","2017-2021","19.92","57.51","35.37","46.68","21.93","15.40"
"32019960303","2017-2021","13.43","61.75","41.39","49.61","27.73","15.59"
"32019960304","2017-2021","5.36","76.90","34.84","60.76","25.09","10.87"
"32019960305","2017-2021","6.72","69.45","32.55","56.32","16.66","18.62"
"32019960801","2017-2021","9.20","48.12","73.43","23.75","51.84","30.21"
"32019960802","2017-2021","4.45","56.98","52.25","48.19","29.33","22.37"
"32019960901","2017-2021","13.36","47.23","61.57","31.28","32.98","38.52"
"32019960902","2017-2021","5.00","55.32","67.79","40.21","30.10","41.55"
"32021970700","2017-2021","8.35","48.96","50.20","43.59","24.08","24.26"
"32021970800","2017-2021","12.13","40.79","58.87","35.53","27.09","34.49"
"32023960100","2017-2021","4.15","84.93","14.74","71.88","9.59","5.90"
"32023960200","2017-2021","5.87","59.22","51.81","46.87","40.89","15.15"
"32023960300","2017-2021","21.12","28.51","59.09","21.49","26.17","31.34"
"32023960405","2017-2021","13.34","47.05","54.25","32.95","29.30","26.29"
"32023960407","2017-2021","6.22","57.01","56.75","41.22","24.62","32.58"
"32023960408","2017-2021","10.45","58.40","53.04","48.94","35.74","23.25"
"32023960409","2017-2021","12.69","59.12","49.44","45.61","38.96","10.07"
"32023960410","2017-2021","9.02","49.23","59.54","37.32","34.39","27.92"
"32023960411","2017-2021","2.76","57.33","66.90","44.98","38.56","34.99"
"32023960412","2017-2021","6.19","64.93","56.45","44.58","41.17","15.73"
"32023960413","2017-2021","21.80","36.24","57.78","30.65","31.95","29.02"
"32023960414","2017-2021","10.32","32.84","77.73","21.15","43.72","36.03"
"32023960415","2017-2021","13.48","39.65","59.51","26.34","37.56","25.54"
"32023960416","2017-2021","12.18","53.20","58.38","31.32","35.04","30.78"
"32023980500","2017-2021","-9999.00","-9999.00","-9999.00","-9999.00","-9999.00","-9999.00"
"32027960100","2017-2021","12.52","63.09","36.81","52.75","21.11","17.41"
"32029970200","2017-2021","7.82","54.69","56.36","40.96","38.74","21.87"
"32031000103","2017-2021","18.43","40.96","49.88","32.75","25.82","26.06"
"32031000104","2017-2021","7.16","67.49","39.36","50.16","23.28","21.32"
"32031000105","2017-2021","14.70","48.73","46.18","38.55","23.89","26.39"
"32031000106","2017-2021","13.13","14.95","80.25","10.51","40.58","66.12"
"32031000201","2017-2021","25.48","50.33","35.00","43.17","8.87","27.74"
"32031000202","2017-2021","20.06","57.47","28.13","49.21","14.53","15.88"
"32031000301","2017-2021","27.43","56.31","23.92","47.83","16.26","11.30"
"32031000302","2017-2021","19.96","71.00","12.51","58.43","8.16","3.25"
"32031000401","2017-2021","10.38","69.63","30.99","55.28","28.31","4.87"
"32031000402","2017-2021","4.53","73.14","35.85","63.66","27.50","9.14"
"32031000701","2017-2021","12.31","72.93","25.08","64.72","12.15","12.38"
"32031000702","2017-2021","14.72","58.34","33.83","53.09","16.88","16.46"
"32031000900","2017-2021","26.38","29.64","52.05","25.49","22.13","34.36"
"32031001005","2017-2021","7.41","68.21","35.87","53.09","25.34","12.78"
"32031001010","2017-2021","3.54","81.93","31.77","65.58","20.97","11.06"
"32031001011","2017-2021","3.93","82.77","27.58","67.21","23.21","6.93"
"32031001012","2017-2021","1.61","84.83","30.64","64.81","28.65","4.77"
"32031001013","2017-2021","1.88","87.89","30.01","63.59","27.10","2.84"
"32031001014","2017-2021","7.81","77.43","35.54","58.03","28.62","9.57"
"32031001015","2017-2021","9.38","72.25","32.39","60.44","27.41","6.21"
"32031001016","2017-2021","19.59","60.39","27.72","56.27","11.82","19.27"
"32031001017","2017-2021","8.00","65.41","34.70","56.97","29.19","4.76"
"32031001018","2017-2021","15.02","36.14","51.13","28.69","13.34","39.21"
"32031001019","2017-2021","20.85","55.30","31.04","51.73","10.19","20.64"
"32031001101","2017-2021","6.12","71.59","41.26","55.24","30.29","13.20"
"32031001103","2017-2021","1.34","86.88","32.04","70.88","30.16","5.60"
"32031001104","2017-2021","1.38","85.89","30.78","69.53","24.26","7.22"
"32031001105","2017-2021","2.59","82.03","28.55","64.67","26.14","3.43"
"32031001201","2017-2021","9.41","72.70","28.10","58.23","19.94","10.04"
"32031001203","2017-2021","10.92","65.42","30.68","60.13","18.30","15.08"
"32031001204","2017-2021","23.18","48.33","31.06","43.37","11.57","18.70"
"32031001300","2017-2021","6.77","68.60","36.96","61.03","20.50","18.38"
"32031001400","2017-2021","18.84","69.19","17.93","55.76","7.35","11.41"
"32031001501","2017-2021","8.17","73.89","24.96","64.80","13.83","14.25"
"32031001503","2017-2021","14.44","59.55","29.56","54.00","15.02","17.53"
"32031001504","2017-2021","8.39","83.76","9.98","75.02",".54","8.74"
"32031001701","2017-2021","9.50","50.63","48.46","39.16","13.65","37.28"
"32031001703","2017-2021","25.93","45.75","35.20","40.31","12.91","21.39"
"32031001704","2017-2021","8.87","73.80","21.58","66.64","13.85","13.18"
"32031001801","2017-2021","11.52","44.37","48.95","39.96","16.83","37.82"
"32031001802","2017-2021","15.75","43.16","50.49","38.30","27.87","26.02"
"32031001901","2017-2021","30.03","37.30","39.94","30.33","16.03","25.31"
"32031001903","2017-2021","19.91","45.27","37.76","42.42","14.23","24.74"
"32031001904","2017-2021","17.53","41.96","49.74","33.20","19.23","28.35"
"32031002103","2017-2021","5.99","73.56","37.74","60.10","22.08","17.09"
"32031002104","2017-2021","8.98","70.53","31.36","62.48","26.07","6.03"
"32031002105","2017-2021","8.92","78.57","20.72","67.91","12.27","8.66"
"32031002106","2017-2021","6.15","67.45","36.23","57.83","22.54","17.88"
"32031002107","2017-2021","15.77","45.78","42.72","42.39","14.40","31.11"
"32031002204","2017-2021","24.53","60.78","18.63","54.85","7.33","10.88"
"32031002207","2017-2021","4.12","88.02","18.77","70.87","13.83","4.92"
"32031002208","2017-2021","2.05","84.54","25.59","73.07","21.23","7.14"
"32031002210","2017-2021","3.68","88.29","17.59","78.13","15.06","2.20"
"32031002211","2017-2021","21.89","49.99","32.11","45.94","13.50","22.52"
"32031002212","2017-2021","20.73","44.02","41.56","37.41","10.49","32.50"
"32031002213","2017-2021","9.14","76.96","27.91","56.67","16.23","10.76"
"32031002214","2017-2021","3.03","79.49","27.62","70.00","9.14","14.48"
"32031002215","2017-2021","3.77","79.23","23.02","73.21","7.74","13.59"
"32031002216","2017-2021","4.06","72.84","34.94","65.81","15.36","18.20"
"32031002217","2017-2021","6.93","80.85","38.73","53.94","28.10","10.07"
"32031002218","2017-2021","2.45","88.91","11.49","81.55","6.64","5.07"
"32031002219","2017-2021","4.08","86.77","12.92","75.17","5.97","7.83"
"32031002302","2017-2021","6.39","73.26","33.83","58.51","28.43","4.89"
"32031002303","2017-2021","1.65","83.57","44.85","62.00","44.19","3.60"
"32031002304","2017-2021",".78","82.10","35.56","61.05","32.75","5.18"
"32031002401","2017-2021","6.88","78.02","24.57","59.98","16.30","8.02"
"32031002406","2017-2021","8.63","63.96","36.42","53.84","14.86","23.79"
"32031002407","2017-2021","8.58","73.46","26.59","64.74","12.98","15.36"
"32031002408","2017-2021","9.46","81.96","19.41","73.78","15.43","3.82"
"32031002409","2017-2021","2.97","89.84","13.48","81.37","11.34","2.18"
"32031002411","2017-2021","9.98","77.28","21.35","65.36","11.15","10.30"
"32031002412","2017-2021","4.25","85.40","19.39","73.98","14.93","3.96"
"32031002413","2017-2021","4.91","74.13","34.58","65.65","24.46","14.87"
"32031002414","2017-2021","5.90","68.13","39.84","60.80","17.93","19.44"
"32031002500","2017-2021","6.28","84.06","17.70","72.17","11.17","6.19"
"32031002603","2017-2021","2.04","82.82","33.54","73.55","22.09","9.48"
"32031002610","2017-2021","7.79","68.97","28.39","63.97","12.68","17.36"
"32031002611","2017-2021","11.42","57.33","36.39","52.20","8.42","27.12"
"32031002612","2017-2021","12.70","72.04","22.22","60.06","12.72","10.11"
"32031002613","2017-2021","7.31","75.16","24.42","70.70","11.46","11.82"
"32031002614","2017-2021","12.51","74.84","17.56","70.08","7.81","9.85"
"32031002615","2017-2021","12.64","69.15","25.67","62.50","11.03","14.19"
"32031002616","2017-2021","10.34","63.76","31.52","59.10","9.35","22.71"
"32031002618","2017-2021","15.84","71.49","21.67","57.96","18.74","3.41"
"32031002620","2017-2021","11.80","49.92","42.25","45.98","22.66","26.18"
"32031002621","2017-2021","4.50","45.12","58.98","35.96","29.26","30.79"
"32031002622","2017-2021","4.75","48.08","54.42","39.95","7.42","45.41"
"32031002623","2017-2021","6.76","73.70","28.55","62.39","13.09","12.55"
"32031002703","2017-2021","16.25","42.97","49.21","33.77","12.76","39.17"
"32031002704","2017-2021","15.72","48.40","40.93","41.98","11.21","29.87"
"32031002705","2017-2021","11.54","54.62","38.68","50.38","12.27","27.66"
"32031002706","2017-2021","15.30","44.93","47.07","41.79","18.39","34.12"
"32031002707","2017-2021","23.20","49.92","33.31","45.76","17.21","22.55"
"32031002801","2017-2021","16.40","65.23","25.72","59.90","13.39","14.67"
"32031002802","2017-2021","21.66","53.80","30.58","46.92","10.88","20.83"
"32031002901","2017-2021","3.50","77.94","30.77","67.65","18.81","11.99"
"32031002902","2017-2021","7.23","70.30","32.98","63.89","14.82","18.37"
"32031003001","2017-2021","16.70","57.04","35.07","49.37","13.76","24.22"
"32031003002","2017-2021","18.61","49.44","38.87","42.05","15.12","27.59"
"32031003105","2017-2021","9.31","74.16","34.95","56.50","21.20","8.62"
"32031003106","2017-2021","7.88","75.89","30.92","69.23","14.81","16.06"
"32031003108","2017-2021","8.37","80.07","22.06","75.47","14.33","7.82"
"32031003109","2017-2021","2.51","79.54","43.12","65.72","32.47","11.11"
"32031003110","2017-2021","3.94","86.99","27.80","69.00","21.80","5.68"
"32031003111","2017-2021","22.61","59.09","26.91","46.53","15.91","14.89"
"32031003112","2017-2021","10.11","65.97","31.30","58.79","20.53","14.38"
"32031003203","2017-2021",".97","87.75","31.33","62.90","26.51","7.04"
"32031003205","2017-2021","9.69","69.60","31.61","57.47","22.37","11.80"
"32031003206","2017-2021","6.64","78.24","40.03","58.06","37.54","4.90"
"32031003207","2017-2021","5.30","66.36","45.98","57.94","28.75","17.92"
"32031003305","2017-2021","7.09","81.81","26.21","53.34","22.61","4.21"
"32031003306","2017-2021","18.28","63.44","26.72","43.70","14.74","16.09"
"32031003307","2017-2021","13.93","75.42","21.62","47.32","14.41","7.21"
"32031003308","2017-2021","3.97","89.00","37.63","53.56","36.67","1.19"
"32031003310","2017-2021","14.44","73.66","25.54","51.08","24.24",".19"
"32031003311","2017-2021","1.18","94.29","27.90","60.45","24.60",".53"
"32031003501","2017-2021","12.23","69.75","29.51","64.72","19.57","11.34"
"32031003503","2017-2021","4.22","78.81","30.18","63.02","18.12","15.63"
"32031003507","2017-2021","10.48","80.17","22.67","73.66","15.78","4.47"
"32031003508","2017-2021","3.49","83.46","25.92","73.35","17.86","6.81"
"32031003510","2017-2021","6.02","83.18","23.66","71.51","15.34","10.51"
"32031003511","2017-2021","3.22","83.74","25.56","69.02","21.62","3.34"
"32031003512","2017-2021","4.33","88.07","23.54","75.30","19.77","3.89"
"32031003513","2017-2021","3.91","84.12","23.64","73.80","14.36","10.13"
"32031003514","2017-2021","2.45","88.14","24.84","75.05","23.30","2.71"
"32031003516","2017-2021","1.26","86.76","30.49","75.13","25.76","3.78"
"32031003517","2017-2021","5.77","81.70","27.29","73.03","17.41","8.46"
"32031003518","2017-2021","6.40","77.57","28.67","68.88","22.37","6.62"
"32031003519","2017-2021","1.97","82.52","25.93","71.51","11.94","12.04"
"32031003520","2017-2021","2.01","86.37","25.62","76.57","18.25","3.31"
"32031003521","2017-2021","18.83","64.84","31.79","56.98","15.57","14.73"
"32031003522","2017-2021","1.93","79.35","28.45","68.31","23.73","17.88"
"32031940200","2017-2021","14.24","47.11","50.50","39.39","25.28","34.53"
"32031980000","2017-2021",".00","35.29","66.67","35.29",".00","66.67"
"32031980100","2017-2021","-9999.00","-9999.00","-9999.00","-9999.00","-9999.00","-9999.00"
"32031980200","2017-2021","-9999.00","-9999.00","-9999.00","-9999.00","-9999.00","-9999.00"
"32031980300","2017-2021",".00","100.00","100.00",".00","100.00",".00"
"32031990000","2017-2021","-9999.00","-9999.00","-9999.00","-9999.00","-9999.00","-9999.00"
"32031990100","2017-2021","-9999.00","-9999.00","-9999.00","-9999.00","-9999.00","-9999.00"
"32033970100","2017-2021","7.62","66.37","48.21","54.86","32.06","16.74"
"32033970200","2017-2021","2.34","75.96","33.98","67.53","21.26","13.59"
"32033970300","2017-2021","7.41","61.71","41.35","51.88","24.24","17.94"
"32510000100","2017-2021","5.43","66.73","43.59","55.37","32.73","12.98"
"32510000200","2017-2021","7.40","72.71","36.89","62.38","27.29","11.83"
"32510000300","2017-2021","4.25","72.38","42.96","59.63","34.14","9.67"
"32510000400","2017-2021","7.68","68.61","42.55","57.25","26.52","15.87"
"32510000501","2017-2021","9.36","75.99","21.68","66.51","11.61","12.51"
"32510000502","2017-2021","15.83","46.26","51.98","37.34","29.83","26.48"
"32510000601","2017-2021","8.66","73.41","26.51","56.76","16.37","13.12"
"32510000602","2017-2021","4.85","52.42","57.71","42.73","14.44","44.76"
"32510000701","2017-2021","6.88","74.58","29.62","63.95","21.25","12.61"
"32510000702","2017-2021","12.38","67.27","37.18","55.84","23.10","16.12"
"32510000800","2017-2021","10.98","73.79","31.00","53.55","23.14","10.36"
"32510000900","2017-2021","14.30","62.27","38.80","55.13","23.38","19.30"
"32510001001","2017-2021","25.04","38.96","42.33","32.79","11.29","33.19"
"32510001002","2017-2021","9.36","72.85","27.22","62.78","16.01","12.99"
"32510990000","2017-2021","-9999.00","-9999.00","-9999.00","-9999.00","-9999.00","-9999.00"
